first_name,last_name,email
Guillemette,Adamik,gadamik0@army.mil
Finlay,Pancast,fpancast1@photobucket.com
Tybie,Elby,telby2@mlb.com
Ivie,Magowan,imagowan3@photobucket.com
Laurie,Gratten,lgratten4@last.fm
Seka,Yair,syair5@merriam-webster.com
Rozella,Webermann,rwebermann6@dot.gov
Israel,Rafe,irafe7@ocn.ne.jp
Rustin,Smedmore,rsmedmore8@newyorker.com
Estrellita,Hurtado,ehurtado9@merriam-webster.com
Dodie,Janowski,djanowskia@edublogs.org
Elwin,Erangey,eerangeyb@issuu.com
Alvinia,Tatnell,atatnellc@hostgator.com
Shelby,Picopp,spicoppd@go.com
Elia,Ryde,erydee@columbia.edu
Casie,Vedmore,cvedmoref@oracle.com
Corrie,Beltzner,cbeltznerg@issuu.com
Xena,Andriesse,xandriesseh@php.net
Whittaker,Foxcroft,wfoxcrofti@hugedomains.com
Elisa,Baggot,ebaggotj@networksolutions.com
Beverly,Cella,bcellak@cbc.ca
Isabel,Billinge,ibillingel@ustream.tv
Orelie,Yelden,oyeldenm@mashable.com
Laurie,Terzo,lterzon@squarespace.com
Job,Kivelle,jkivelleo@ow.ly
Allyn,Apps,aappsp@desdev.cn
Thalia,Yankishin,tyankishinq@gravatar.com
Dominique,Edelmann,dedelmannr@ycombinator.com
Millie,Giraudat,mgiraudats@uol.com.br
Leeland,Borgnet,lborgnett@ucla.edu
Karlens,Beevors,kbeevorsu@wp.com
Keriann,Aldhouse,kaldhousev@amazon.co.jp
Daffy,Morrallee,dmorralleew@wikipedia.org
Anselm,Adshead,aadsheadx@businessinsider.com
Christel,Egentan,cegentany@angelfire.com
Massimiliano,Sigge,msiggez@fastcompany.com
Joy,Croisdall,jcroisdall10@e-recht24.de
Sadye,Wagstaff,swagstaff11@1688.com
Ephraim,Jorioz,ejorioz12@is.gd
Emmerich,Raxworthy,eraxworthy13@jimdo.com
Carol-jean,Obington,cobington14@pen.io
Dennet,Lindenblatt,dlindenblatt15@1und1.de
Olive,Rea,orea16@elpais.com
Sig,Tremblet,stremblet17@diigo.com
Audi,Pattrick,apattrick18@yandex.ru
Homer,Ponting,hponting19@51.la
Brandi,McGrae,bmcgrae1a@gmpg.org
Marlin,Goves,mgoves1b@marketwatch.com
Lira,Ganning,lganning1c@disqus.com
Sam,Segar,ssegar1d@oakley.com
Deina,De Vaar,ddevaar1e@devhub.com
Emery,Penella,epenella1f@unblog.fr
Geri,Foucard,gfoucard1g@answers.com
Reilly,Muscott,rmuscott1h@patch.com
Rory,Neumann,rneumann1i@wsj.com
Laetitia,Gunther,lgunther1j@mediafire.com
Chantal,Gofforth,cgofforth1k@google.de
Cayla,Ell,cell1l@1688.com
Charin,Leafe,cleafe1m@businessweek.com
Loni,Djorvic,ldjorvic1n@ycombinator.com
Elnore,Newberry,enewberry1o@narod.ru
Mason,Stook,mstook1p@miibeian.gov.cn
Clevey,Eberts,ceberts1q@omniture.com
Jason,Ilett,jilett1r@umich.edu
Patricio,Haggar,phaggar1s@comsenz.com
Willetta,Steeples,wsteeples1t@wiley.com
Pryce,Blankenship,pblankenship1u@g.co
Brooks,Pavis,bpavis1v@fastcompany.com
Kare,Greenhead,kgreenhead1w@nhs.uk
Carola,Stenners,cstenners1x@europa.eu
Datha,Killingsworth,dkillingsworth1y@php.net
Rorke,Roobottom,rroobottom1z@etsy.com
Verne,Portch,vportch20@seattletimes.com
Gabbey,Turbefield,gturbefield21@cloudflare.com
Courtnay,Hargraves,chargraves22@blogtalkradio.com
Waylan,Figin,wfigin23@hhs.gov
Carlota,Probets,cprobets24@soup.io
Erinn,Schelle,eschelle25@java.com
Karrie,Garlicke,kgarlicke26@elpais.com
Sigismund,Bottjer,sbottjer27@wsj.com
Greggory,Dmitrovic,gdmitrovic28@wunderground.com
Pamella,Konke,pkonke29@w3.org
Jourdain,Sephton,jsephton2a@example.com
Lisa,Bygrave,lbygrave2b@sphinn.com
Nina,Hallifax,nhallifax2c@cbslocal.com
Sula,Knevet,sknevet2d@chron.com
Matty,Lancett,mlancett2e@samsung.com
Renaud,Do,rdo2f@spiegel.de
Bartholomeus,Dimitrescu,bdimitrescu2g@homestead.com
Tiertza,Broadey,tbroadey2h@zdnet.com
Ashbey,Madders,amadders2i@dropbox.com
Justine,Tenpenny,jtenpenny2j@fastcompany.com
Dallas,Cabbell,dcabbell2k@google.co.jp
Helaine,Sherrin,hsherrin2l@reddit.com
Roda,Guyet,rguyet2m@geocities.jp
Sterne,Tongs,stongs2n@homestead.com
Effie,Toderi,etoderi2o@behance.net
Ainslie,Witherden,awitherden2p@amazon.co.jp
Shelba,Boggs,sboggs2q@webnode.com
Fern,Quarry,fquarry2r@columbia.edu
Irina,Uman,iuman2s@telegraph.co.uk
Idelle,Armin,iarmin2t@facebook.com
Collie,Treasaden,ctreasaden2u@printfriendly.com
Lorry,Saur,lsaur2v@washington.edu
Yancy,Domeney,ydomeney2w@com.com
Hodge,Wandrach,hwandrach2x@disqus.com
Flora,Sandlin,fsandlin2y@bing.com
Debora,Wild,dwild2z@flavors.me
Nessie,Deavin,ndeavin30@blinklist.com
Claudelle,Prickett,cprickett31@yellowpages.com
Kassie,Pauletto,kpauletto32@newsvine.com
Rockie,Scimonelli,rscimonelli33@cmu.edu
Dael,Comelini,dcomelini34@com.com
Guenna,O'Glessane,goglessane35@usatoday.com
Melitta,Dunbleton,mdunbleton36@samsung.com
Claire,O'Lochan,colochan37@360.cn
Gracia,Gloster,ggloster38@booking.com
Karalee,O'Halloran,kohalloran39@ftc.gov
Mignon,Birkett,mbirkett3a@de.vu
Dulci,Marten,dmarten3b@nhs.uk
Kristine,Danser,kdanser3c@51.la
Billie,Jako,bjako3d@e-recht24.de
Bren,Dobrovsky,bdobrovsky3e@facebook.com
Simone,Yewdall,syewdall3f@admin.ch
Currey,Richardeau,crichardeau3g@lulu.com
Lem,Bentame,lbentame3h@blogger.com
Gennifer,Gilyott,ggilyott3i@nsw.gov.au
Annabella,Dron,adron3j@msn.com
Tabbi,Ochterlony,tochterlony3k@hibu.com
Yorgos,Widmoor,ywidmoor3l@blogs.com
Chic,Bohl,cbohl3m@boston.com
Geordie,Shapiro,gshapiro3n@list-manage.com
Halli,Saxby,hsaxby3o@un.org
Wallie,Pattlel,wpattlel3p@wufoo.com
Rodi,Dourin,rdourin3q@com.com
Edwina,Maclaine,emaclaine3r@dot.gov
Maddalena,O' Byrne,mobyrne3s@usnews.com
Cull,Hauxley,chauxley3t@myspace.com
Henry,Blackwell,hblackwell3u@bbb.org
Annora,Ernke,aernke3v@e-recht24.de
Westbrook,Attyeo,wattyeo3w@squarespace.com
Reinaldo,Rogans,rrogans3x@godaddy.com
Serene,Banghe,sbanghe3y@deliciousdays.com
Arturo,Fernley,afernley3z@dedecms.com
Denys,Riddlesden,driddlesden40@wp.com
Brittan,Rickman,brickman41@tinyurl.com
Karlene,Demetr,kdemetr42@admin.ch
Cyndia,Flade,cflade43@drupal.org
Sherwin,Willimont,swillimont44@typepad.com
Adler,Morfey,amorfey45@cnet.com
Idalia,Yoakley,iyoakley46@twitpic.com
Raoul,Seaton,rseaton47@fastcompany.com
Mychal,Jepensen,mjepensen48@cisco.com
Christal,Anwyl,canwyl49@vimeo.com
Wilhelmina,Watkin,wwatkin4a@ebay.com
Stu,Zelake,szelake4b@devhub.com
Templeton,Broadist,tbroadist4c@walmart.com
Ramon,Barton,rbarton4d@cyberchimps.com
Katy,Stranio,kstranio4e@google.ru
Kial,Wallworth,kwallworth4f@archive.org
Eolande,Abbis,eabbis4g@tripadvisor.com
Rriocard,Tremain,rtremain4h@bloomberg.com
Ellette,Malec,emalec4i@ed.gov
Brice,O Mullen,bomullen4j@dagondesign.com
Chloette,Winchcomb,cwinchcomb4k@reddit.com
Johannah,Iacapucci,jiacapucci4l@go.com
Jobye,Berthomier,jberthomier4m@is.gd
Jaime,Kennsley,jkennsley4n@auda.org.au
Athena,Davenhill,adavenhill4o@skype.com
Kale,Titmarsh,ktitmarsh4p@jimdo.com
Vanya,Brawson,vbrawson4q@yellowbook.com
Ali,Rentoll,arentoll4r@nbcnews.com
Lorine,Castellucci,lcastellucci4s@ifeng.com
Linette,Alfonzo,lalfonzo4t@nature.com
Kelsey,Sellen,ksellen4u@newsvine.com
Oran,Whatling,owhatling4v@etsy.com
Gunar,Alans,galans4w@cbslocal.com
Poppy,Filipson,pfilipson4x@businesswire.com
Albrecht,Ormrod,aormrod4y@com.com
Paton,Osbidston,posbidston4z@npr.org
Jo-anne,Matkin,jmatkin50@wsj.com
Angelika,McGuiney,amcguiney51@webmd.com
Betteann,Strangeways,bstrangeways52@blog.com
Jarret,Haymes,jhaymes53@squarespace.com
Javier,Emerton,jemerton54@simplemachines.org
Ronnica,Colborn,rcolborn55@noaa.gov
Mellie,Attle,mattle56@cpanel.net
Wright,Gullis,wgullis57@flavors.me
Davis,Disbrey,ddisbrey58@ocn.ne.jp
Mavis,Scantleberry,mscantleberry59@twitter.com
Prince,Bundy,pbundy5a@csmonitor.com
Clementia,Belmont,cbelmont5b@soundcloud.com
Sydelle,Cordoba,scordoba5c@intel.com
Bert,Chin,bchin5d@nps.gov
Reyna,Connar,rconnar5e@photobucket.com
Schuyler,Filyashin,sfilyashin5f@upenn.edu
Cinderella,Houson,chouson5g@wikispaces.com
Domenic,Jaquest,djaquest5h@meetup.com
Johanna,Dhennin,jdhennin5i@creativecommons.org
Jeanette,Bernhardi,jbernhardi5j@bloglovin.com
Flossie,Piele,fpiele5k@wikimedia.org
Arne,Maddern,amaddern5l@example.com
Rozele,Halliberton,rhalliberton5m@yolasite.com
Land,Bodocs,lbodocs5n@skyrock.com
Enrichetta,Vice,evice5o@weather.com
Link,Hrinchenko,lhrinchenko5p@gizmodo.com
Lonny,Kovnot,lkovnot5q@japanpost.jp
Johan,Marians,jmarians5r@chron.com
Nikolia,Hand,nhand5s@theatlantic.com
Carine,Dallicoat,cdallicoat5t@lulu.com
Gino,Malimoe,gmalimoe5u@oakley.com
Dorothea,Falloon,dfalloon5v@adobe.com
Patin,Eberle,peberle5w@chronoengine.com
Tore,Barnwille,tbarnwille5x@1688.com
Brice,Devon,bdevon5y@123-reg.co.uk
Sara,Greir,sgreir5z@github.io
Reyna,McMonies,rmcmonies60@fc2.com
Rees,McCarlie,rmccarlie61@shutterfly.com
Nita,Petrescu,npetrescu62@reverbnation.com
Raynell,Jimmison,rjimmison63@comcast.net
Edeline,McCann,emccann64@toplist.cz
Parker,Wilfinger,pwilfinger65@yolasite.com
Erminie,Lynes,elynes66@nhs.uk
Rooney,Whitelock,rwhitelock67@booking.com
Nolie,Rebert,nrebert68@buzzfeed.com
Matelda,Tarling,mtarling69@canalblog.com
Carilyn,Sanday,csanday6a@ft.com
Suzi,Ashwin,sashwin6b@phoca.cz
Tito,Moakes,tmoakes6c@pbs.org
Selinda,Pietraszek,spietraszek6d@nbcnews.com
Maisie,Pateman,mpateman6e@chron.com
Rey,Terese,rterese6f@tripadvisor.com
Flinn,Keepence,fkeepence6g@is.gd
Shanda,Skipping,sskipping6h@archive.org
Laurice,Hamel,lhamel6i@time.com
Ly,Churm,lchurm6j@privacy.gov.au
Fax,Lidierth,flidierth6k@weather.com
Raine,Mumby,rmumby6l@hhs.gov
Timothee,Nortunen,tnortunen6m@liveinternet.ru
Opaline,Kloska,okloska6n@dot.gov
Lazarus,Surgener,lsurgener6o@patch.com
Delila,Docksey,ddocksey6p@accuweather.com
Cordelia,Gulleford,cgulleford6q@slashdot.org
Cos,De Lascy,cdelascy6r@seesaa.net
Ashley,Dennant,adennant6s@bluehost.com
Toiboid,Benardette,tbenardette6t@myspace.com
Courtnay,Jeannenet,cjeannenet6u@dedecms.com
Marlowe,Blumfield,mblumfield6v@hao123.com
Agneta,Speenden,aspeenden6w@dailymotion.com
Dusty,Dalliwatr,ddalliwatr6x@salon.com
Iolande,Woodroff,iwoodroff6y@sakura.ne.jp
Katina,Francklyn,kfrancklyn6z@about.me
Dalton,Tuff,dtuff70@sbwire.com
Daphna,McCandie,dmccandie71@ifeng.com
Lulita,Blamey,lblamey72@wordpress.org
Mair,Ayer,mayer73@ehow.com
Herminia,Gopsell,hgopsell74@etsy.com
Malia,De Normanville,mdenormanville75@tiny.cc
Annabal,Jakubowsky,ajakubowsky76@shop-pro.jp
Rey,Dowda,rdowda77@marriott.com
Heidie,Spittal,hspittal78@free.fr
Kristoforo,Behrendsen,kbehrendsen79@uol.com.br
Nichol,Sparke,nsparke7a@craigslist.org
Lay,Ledgister,lledgister7b@dell.com
Ingra,Melliard,imelliard7c@google.com.au
Nadia,Parken,nparken7d@aboutads.info
Shirline,Satterlee,ssatterlee7e@dmoz.org
Colan,Naldrett,cnaldrett7f@weibo.com
Kim,Koeppke,kkoeppke7g@slideshare.net
Janella,Fontes,jfontes7h@cafepress.com
Sim,Jouandet,sjouandet7i@a8.net
Nehemiah,Gisborne,ngisborne7j@cornell.edu
Griffy,Busch,gbusch7k@gmpg.org
Annetta,Crucetti,acrucetti7l@de.vu
Conrad,Domeney,cdomeney7m@squarespace.com
Marty,Duval,mduval7n@foxnews.com
Burl,Moses,bmoses7o@ucoz.ru
Ingrid,Impleton,iimpleton7p@artisteer.com
Tilda,Henriques,thenriques7q@tinyurl.com
Paige,Magenny,pmagenny7r@mit.edu
Anson,Antosik,aantosik7s@ted.com
Birgitta,Robertet,brobertet7t@columbia.edu
Opaline,Borgesio,oborgesio7u@de.vu
Gabriello,Hucks,ghucks7v@google.cn
Chelsae,Whitnall,cwhitnall7w@usgs.gov
Jabez,Sarrell,jsarrell7x@surveymonkey.com
Grethel,Raistrick,graistrick7y@cdbaby.com
Becka,Wakelin,bwakelin7z@cafepress.com
Rusty,Acreman,racreman80@a8.net
Suzie,Biesinger,sbiesinger81@opera.com
Orson,Jermyn,ojermyn82@wsj.com
Martainn,Leggott,mleggott83@plala.or.jp
Melissa,Muddle,mmuddle84@deviantart.com
Olvan,Troutbeck,otroutbeck85@photobucket.com
Pascal,Aspenlon,paspenlon86@photobucket.com
Kalila,Allcock,kallcock87@usnews.com
Gustavus,Lumb,glumb88@ustream.tv
Evonne,Bodycote,ebodycote89@businessinsider.com
Haslett,Bigadike,hbigadike8a@fastcompany.com
Gilberta,Daingerfield,gdaingerfield8b@phoca.cz
Genovera,Chance,gchance8c@ow.ly
Berkeley,Gaskarth,bgaskarth8d@phoca.cz
Bank,Greatorex,bgreatorex8e@cmu.edu
Dick,Campkin,dcampkin8f@yandex.ru
Ingemar,Puckinghorne,ipuckinghorne8g@msu.edu
Marie,MacAfee,mmacafee8h@businessinsider.com
Ruthann,de Broke,rdebroke8i@free.fr
Hollie,Vassano,hvassano8j@shutterfly.com
Jemmy,De Ambrosi,jdeambrosi8k@fema.gov
Lionel,Morena,lmorena8l@japanpost.jp
Ferdinande,Cannicott,fcannicott8m@ning.com
Charla,Fulker,cfulker8n@trellian.com
Phyllida,Marioneau,pmarioneau8o@blogspot.com
Rafaelita,Hazle,rhazle8p@imageshack.us
Lynette,Bim,lbim8q@constantcontact.com
Theresa,Roney,troney8r@merriam-webster.com
Rickey,Dunkirk,rdunkirk8s@amazonaws.com
Deerdre,Kevis,dkevis8t@simplemachines.org
Maryanna,Proughten,mproughten8u@hostgator.com
Ninon,Beney,nbeney8v@epa.gov
Myrle,Mabley,mmabley8w@example.com
Nerti,Menary,nmenary8x@dropbox.com
Roxine,Pleat,rpleat8y@sphinn.com
Aguistin,Eisenberg,aeisenberg8z@archive.org
Giorgi,Kench,gkench90@typepad.com
Brandea,Baynon,bbaynon91@shop-pro.jp
Amaleta,Mainston,amainston92@auda.org.au
Leon,Mapledorum,lmapledorum93@senate.gov
Celie,Dagleas,cdagleas94@t-online.de
Danya,Beeke,dbeeke95@mail.ru
Rheba,Raun,rraun96@deviantart.com
Freddie,Skones,fskones97@discovery.com
Harald,Benez,hbenez98@google.ca
Dahlia,Bellee,dbellee99@php.net
Ola,Casajuana,ocasajuana9a@macromedia.com
Sonny,Lehr,slehr9b@cdbaby.com
Flint,Stowgill,fstowgill9c@ucla.edu
Reilly,Alpe,ralpe9d@rambler.ru
Jerrie,Kenneway,jkenneway9e@php.net
Bird,Revening,brevening9f@nationalgeographic.com
Anatol,Fluin,afluin9g@netlog.com
Minni,Kellogg,mkellogg9h@shop-pro.jp
Nealson,Juden,njuden9i@artisteer.com
Brockie,Ventum,bventum9j@jugem.jp
Salli,Patemore,spatemore9k@facebook.com
Allayne,D'Antuoni,adantuoni9l@jalbum.net
Cori,Blazewski,cblazewski9m@ca.gov
Garrik,Meran,gmeran9n@biglobe.ne.jp
Leda,Pallent,lpallent9o@ucoz.com
Junie,Kemp,jkemp9p@jiathis.com
Dorree,Gullberg,dgullberg9q@qq.com
Yule,Dannett,ydannett9r@loc.gov
Jermain,Gerrad,jgerrad9s@mtv.com
Ibbie,Gristhwaite,igristhwaite9t@auda.org.au
Ario,Crannage,acrannage9u@addthis.com
Devi,Lockhead,dlockhead9v@whitehouse.gov
Binnie,Coch,bcoch9w@prlog.org
Pren,Critchley,pcritchley9x@bloglovin.com
Viviyan,Atcheson,vatcheson9y@theguardian.com
Dennison,Riordan,driordan9z@163.com
Jacqueline,Drable,jdrablea0@squidoo.com
Raoul,Bloyes,rbloyesa1@hibu.com
Fanny,Nabarro,fnabarroa2@smh.com.au
Lucia,Dovington,ldovingtona3@addthis.com
Ange,Palfrie,apalfriea4@wikispaces.com
Gal,Capron,gcaprona5@digg.com
Appolonia,Freemantle,afreemantlea6@naver.com
Robers,Wadmore,rwadmorea7@arstechnica.com
Timmy,Ilyasov,tilyasova8@google.ru
Nikolai,Stanford,nstanforda9@dagondesign.com
Sonnnie,Edgcumbe,sedgcumbeaa@epa.gov
Jonell,Kleis,jkleisab@eepurl.com
Susi,Bygreaves,sbygreavesac@hp.com
Ann,Rain,arainad@stanford.edu
Lindsey,Wigg,lwiggae@webmd.com
Zonda,Mitkov,zmitkovaf@opera.com
Gus,Phaup,gphaupag@histats.com
Wells,Faherty,wfahertyah@printfriendly.com
Molli,Oloman,molomanai@mit.edu
Xena,Tenby,xtenbyaj@desdev.cn
Drud,Rossetti,drossettiak@telegraph.co.uk
Parker,Hanwell,phanwellal@twitpic.com
Lesli,Luesley,lluesleyam@reference.com
Zebadiah,Swiffen,zswiffenan@engadget.com
Marge,Nerne,mnerneao@pinterest.com
Trumann,Corradeschi,tcorradeschiap@quantcast.com
Cristiano,Derisly,cderislyaq@slashdot.org
Ephrem,Wreight,ewreightar@ucoz.com
Selig,Lavin,slavinas@hubpages.com
Priscilla,Sillis,psillisat@apache.org
Beverley,Cheak,bcheakau@weather.com
Violetta,Sprigg,vspriggav@wikipedia.org
Jo,Beckensall,jbeckensallaw@odnoklassniki.ru
Robby,Kyngdon,rkyngdonax@europa.eu
Bree,Diboll,bdibollay@nymag.com
Lion,Auchterlony,lauchterlonyaz@blinklist.com
Gun,Langley,glangleyb0@cnn.com
Astrid,Fransson,afranssonb1@latimes.com
Brewer,Doone,bdooneb2@tamu.edu
Ileana,Playhill,iplayhillb3@ycombinator.com
Birdie,Voller,bvollerb4@fc2.com
Aggie,Chessel,achesselb5@europa.eu
Fallon,Jacobs,fjacobsb6@umich.edu
Prudy,Linsey,plinseyb7@acquirethisname.com
Yvonne,Espinho,yespinhob8@amazon.com
Darcey,Mithon,dmithonb9@i2i.jp
Arvy,Eastmond,aeastmondba@archive.org
Kacy,Parkinson,kparkinsonbb@163.com
Gerianne,Josephov,gjosephovbc@mail.ru
Sukey,Fluger,sflugerbd@apple.com
Pavel,Retallack,pretallackbe@blogtalkradio.com
Jayme,Jorcke,jjorckebf@wikia.com
Adoree,Govern,agovernbg@biblegateway.com
De witt,Janos,djanosbh@phpbb.com
Kath,Renouf,krenoufbi@ning.com
Lisetta,Filkov,lfilkovbj@gnu.org
Filippo,Dearing,fdearingbk@ted.com
Baxie,Irvin,birvinbl@parallels.com
Patrick,Champniss,pchampnissbm@behance.net
Zebulon,Guiot,zguiotbn@wikispaces.com
Whitman,Gobat,wgobatbo@gizmodo.com
Gaultiero,Mapston,gmapstonbp@stumbleupon.com
Ian,Bailles,ibaillesbq@wunderground.com
Meyer,Lamping,mlampingbr@mayoclinic.com
Stepha,Messer,smesserbs@nytimes.com
Pepe,Myner,pmynerbt@jigsy.com
Isidora,Anthes,ianthesbu@yelp.com
Jakie,Catmull,jcatmullbv@creativecommons.org
Burton,Dormand,bdormandbw@bloglines.com
Sandy,Cluderay,scluderaybx@amazon.co.jp
Gratia,Eddow,geddowby@elpais.com
Morna,Cowlam,mcowlambz@hatena.ne.jp
Royal,Murford,rmurfordc0@slashdot.org
Isis,Writtle,iwrittlec1@hexun.com
Ilene,Karpol,ikarpolc2@ebay.co.uk
Bernhard,Elbourn,belbournc3@ucoz.ru
Allard,Dysert,adysertc4@sphinn.com
Gnni,Kings,gkingsc5@nymag.com
Kerk,Reedie,kreediec6@senate.gov
Valdemar,Swanborough,vswanboroughc7@walmart.com
Dorotea,Fearnall,dfearnallc8@odnoklassniki.ru
Heddie,Antonietti,hantoniettic9@cmu.edu
Ulick,Saffran,usaffranca@huffingtonpost.com
Jilleen,Burrett,jburrettcb@bbb.org
Nickey,Grimme,ngrimmecc@bluehost.com
Josias,Talton,jtaltoncd@patch.com
Keefe,Hymans,khymansce@mlb.com
Derick,Rolfe,drolfecf@ameblo.jp
Darryl,McGarel,dmcgarelcg@jimdo.com
Ewen,Gecks,egecksch@amazonaws.com
Newton,Scrowson,nscrowsonci@go.com
Valera,Mandre,vmandrecj@ocn.ne.jp
Ingar,Cronchey,icroncheyck@opera.com
Waverley,Cramphorn,wcramphorncl@theatlantic.com
Esmeralda,Maciunas,emaciunascm@bizjournals.com
Araldo,Sparhawk,asparhawkcn@wikia.com
Titus,Locard,tlocardco@lulu.com
Pincas,Vinson,pvinsoncp@cbc.ca
Nikola,Ruthven,nruthvencq@newsvine.com
Maxim,Tremblot,mtremblotcr@barnesandnoble.com
Ingra,Wetherburn,iwetherburncs@t.co
Ezekiel,Odo,eodoct@webeden.co.uk
Lyle,Figge,lfiggecu@example.com
Bettine,Fishpoole,bfishpoolecv@naver.com
Murdoch,Perin,mperincw@amazonaws.com
Gery,Isbell,gisbellcx@columbia.edu
Anya,Cauldwell,acauldwellcy@cyberchimps.com
Gill,Davoren,gdavorencz@com.com
Antonia,Kneesha,akneeshad0@ning.com
Brenda,Scrase,bscrased1@exblog.jp
Shalom,McQueen,smcqueend2@sciencedirect.com
Reggie,Logie,rlogied3@seattletimes.com
Nealy,Ramplee,nrampleed4@nationalgeographic.com
Reg,Lyptrit,rlyptritd5@constantcontact.com
Bevan,Belward,bbelwardd6@addtoany.com
Marion,Ginnelly,mginnellyd7@gov.uk
Pearl,Brunton,pbruntond8@state.gov
Aluino,Grebner,agrebnerd9@cisco.com
Rriocard,Burbury,rburburyda@thetimes.co.uk
Hy,Rasp,hraspdb@state.gov
Josefa,Saur,jsaurdc@marriott.com
Tersina,Larmouth,tlarmouthdd@theatlantic.com
Libbie,Pratt,lprattde@icio.us
Bartholomeo,Biskupiak,bbiskupiakdf@behance.net
Nicolai,Steadman,nsteadmandg@ucsd.edu
Avram,Cheak,acheakdh@ca.gov
Krysta,Blowing,kblowingdi@goodreads.com
Georgette,Gelderd,ggelderddj@de.vu
Dane,Jepensen,djepensendk@alibaba.com
Jameson,Rosengren,jrosengrendl@reverbnation.com
Annecorinne,Schole,ascholedm@macromedia.com
Danny,Copping,dcoppingdn@ft.com
Elsi,Sloan,esloando@simplemachines.org
Drusy,Reade,dreadedp@hud.gov
Brod,Barthelmes,bbarthelmesdq@skype.com
Edvard,Eland,eelanddr@prnewswire.com
Bonnibelle,Houdmont,bhoudmontds@dot.gov
Malissa,Pierri,mpierridt@shutterfly.com
Lindsey,Muzzollo,lmuzzollodu@de.vu
Evered,Hawford,ehawforddv@ox.ac.uk
Moritz,Bernardotte,mbernardottedw@imageshack.us
Maurizia,Harvard,mharvarddx@bloomberg.com
Virge,Mangan,vmangandy@jiathis.com
Gratia,Pawley,gpawleydz@usda.gov
Nora,Sawdon,nsawdone0@statcounter.com
Nada,Brouncker,nbrounckere1@globo.com
Reggy,Joule,rjoulee2@sciencedirect.com
Berta,Alvarado,balvaradoe3@eepurl.com
Carey,Achrameev,cachrameeve4@gravatar.com
Reilly,von Grollmann,rvongrollmanne5@google.es
Florentia,Poznan,fpoznane6@privacy.gov.au
Den,Toghill,dtoghille7@sohu.com
Tracee,Tubb,ttubbe8@microsoft.com
Donielle,Matton,dmattone9@hugedomains.com
Rudy,Bockmann,rbockmannea@reference.com
Frannie,Navarijo,fnavarijoeb@icq.com
Flinn,Daile,fdaileec@twitpic.com
Jemie,Tarborn,jtarborned@oaic.gov.au
Norbert,Wabb,nwabbee@cargocollective.com
Devi,Busher,dbusheref@naver.com
Raimund,Prosser,rprossereg@diigo.com
Shirl,Beaten,sbeateneh@cafepress.com
Iseabal,Antat,iantatei@huffingtonpost.com
Shirline,Poulney,spoulneyej@aol.com
Jason,Noor,jnoorek@sitemeter.com
Trix,Dumbarton,tdumbartonel@cocolog-nifty.com
Audry,Waterman,awatermanem@zimbio.com
Corie,McRill,cmcrillen@studiopress.com
Elmira,Laugharne,elaugharneeo@statcounter.com
Albert,Huckerby,ahuckerbyep@amazon.co.jp
Daniele,Gusney,dgusneyeq@blogtalkradio.com
Nan,Billson,nbillsoner@vkontakte.ru
Trstram,Scowcroft,tscowcroftes@nifty.com
Aldous,Hardington,ahardingtonet@printfriendly.com
Roman,Tayt,rtayteu@prlog.org
Ado,Corballis,acorballisev@blogs.com
Reggie,Markie,rmarkieew@cdbaby.com
Daria,Silber,dsilberex@last.fm
Lauri,Creaney,lcreaneyey@ycombinator.com
Neville,Abramowsky,nabramowskyez@unblog.fr
Homerus,Barrott,hbarrottf0@themeforest.net
Leeann,Lecordier,llecordierf1@bloglines.com
Phebe,Capron,pcapronf2@cloudflare.com
Alon,Boulger,aboulgerf3@studiopress.com
Pearce,Lenaghen,plenaghenf4@dell.com
Tatiania,Berns,tbernsf5@bloglovin.com
Latia,Masserel,lmasserelf6@mediafire.com
Lynda,Darracott,ldarracottf7@exblog.jp
Sharyl,Tysall,stysallf8@answers.com
Dud,Scarlon,dscarlonf9@about.me
Tiffani,Kesten,tkestenfa@slate.com
Mercy,Ollet,molletfb@weibo.com
Carmel,Potkin,cpotkinfc@theatlantic.com
Drake,Garralts,dgarraltsfd@yellowpages.com
Eilis,Le Friec,elefriecfe@telegraph.co.uk
Russ,McPolin,rmcpolinff@reverbnation.com
Vivie,Cordobes,vcordobesfg@ustream.tv
Brigitte,Barcroft,bbarcroftfh@reddit.com
Godfree,Bellefant,gbellefantfi@lulu.com
Foss,Marsy,fmarsyfj@dailymotion.com
Nickolas,Melarkey,nmelarkeyfk@google.com.hk
Silvain,Camidge,scamidgefl@nature.com
Sigfried,Grigori,sgrigorifm@nature.com
Clare,Courteney,ccourteneyfn@360.cn
Padgett,Hollyman,phollymanfo@wp.com
Coleen,Craigie,ccraigiefp@state.tx.us
Sayre,Eastman,seastmanfq@mayoclinic.com
Cosmo,Blasgen,cblasgenfr@businesswire.com
Courtney,Duthy,cduthyfs@usatoday.com
Pasquale,Deaves,pdeavesft@vkontakte.ru
Elliott,Polfer,epolferfu@yahoo.co.jp
Eleen,Cammiemile,ecammiemilefv@sina.com.cn
Waiter,Benzi,wbenzifw@kickstarter.com
Kathy,Proback,kprobackfx@imageshack.us
Artemis,Madison,amadisonfy@squidoo.com
Pearle,Croll,pcrollfz@netlog.com
Valma,Welsby,vwelsbyg0@auda.org.au
Cazzie,Wales,cwalesg1@istockphoto.com
Christos,Cool,ccoolg2@surveymonkey.com
Karl,Ades,kadesg3@google.pl
Deana,Luxton,dluxtong4@issuu.com
Rafferty,Dakers,rdakersg5@answers.com
Kim,Loos,kloosg6@bandcamp.com
Belita,Key,bkeyg7@wikia.com
Fayth,Duffit,fduffitg8@hatena.ne.jp
Tobi,Sherry,tsherryg9@bloomberg.com
Neron,Struther,nstrutherga@tinyurl.com
Bryant,Wardrope,bwardropegb@cyberchimps.com
Tom,Gleave,tgleavegc@shop-pro.jp
Elaina,Stothard,estothardgd@go.com
Tuesday,Colomb,tcolombge@harvard.edu
Mendy,Fyers,mfyersgf@lulu.com
Jaclyn,Scholard,jscholardgg@constantcontact.com
Ariel,Oade,aoadegh@chicagotribune.com
Skipper,Dimsdale,sdimsdalegi@theguardian.com
Norri,Giannini,ngianninigj@wisc.edu
Elihu,Portchmouth,eportchmouthgk@scribd.com
Myca,Hoffner,mhoffnergl@e-recht24.de
Flem,Conachy,fconachygm@ox.ac.uk
Ronda,Meriel,rmerielgn@irs.gov
Anabella,Berkely,aberkelygo@baidu.com
Sallee,Fallen,sfallengp@stumbleupon.com
Caria,Trapp,ctrappgq@wiley.com
Giana,Dumbell,gdumbellgr@merriam-webster.com
Torry,Hofton,thoftongs@cyberchimps.com
Phylis,Kures,pkuresgt@paginegialle.it
Carver,Stoffer,cstoffergu@squarespace.com
Nathanil,Ambrois,nambroisgv@prlog.org
Delcina,Wansbury,dwansburygw@jalbum.net
Enid,Steed,esteedgx@acquirethisname.com
Madeleine,Slogrove,mslogrovegy@blog.com
Coleen,Felgate,cfelgategz@etsy.com
Hattie,Coleman,hcolemanh0@bluehost.com
Shaylah,Vallis,svallish1@bloomberg.com
Temple,Humbee,thumbeeh2@biblegateway.com
Norry,Esberger,nesbergerh3@economist.com
Alica,Jolin,ajolinh4@abc.net.au
Andras,Bowell,abowellh5@yahoo.com
Noah,Alps,nalpsh6@desdev.cn
Cassaundra,McGeady,cmcgeadyh7@uiuc.edu
Natale,Longhorne,nlonghorneh8@edublogs.org
Perry,Tulloch,ptullochh9@a8.net
Lawrence,Sharples,lsharplesha@twitpic.com
Dav,Nelthropp,dnelthropphb@miibeian.gov.cn
Rickard,Bruna,rbrunahc@elegantthemes.com
Gloriana,Gooderidge,ggooderidgehd@google.com
Carmelina,Toseland,ctoselandhe@psu.edu
Tyson,Worvill,tworvillhf@cloudflare.com
Moll,Durand,mdurandhg@list-manage.com
Alfredo,Cayzer,acayzerhh@patch.com
Niel,Buddell,nbuddellhi@google.com.au
Beatrisa,Stalf,bstalfhj@reference.com
Celie,Chitty,cchittyhk@ftc.gov
Portia,Farquharson,pfarquharsonhl@rambler.ru
Cherey,Sapp,csapphm@sfgate.com
Jacob,Mozzi,jmozzihn@flavors.me
Taryn,Coll,tcollho@psu.edu
Bethina,Black,bblackhp@dion.ne.jp
Madelon,Clucas,mclucashq@timesonline.co.uk
Dermot,Kumar,dkumarhr@comsenz.com
Sean,Fraschini,sfraschinihs@jiathis.com
Elmore,Fallowfield,efallowfieldht@noaa.gov
Herrick,Tregale,htregalehu@dion.ne.jp
Daniela,Delgado,ddelgadohv@photobucket.com
Alix,Ick,aickhw@timesonline.co.uk
Bartlet,Nelle,bnellehx@sun.com
Boote,Wandrach,bwandrachhy@amazon.com
Sianna,Romera,sromerahz@umich.edu
Pam,Petican,ppeticani0@google.fr
Thorvald,McIntosh,tmcintoshi1@studiopress.com
Ursuline,Ager,uageri2@nationalgeographic.com
Bryn,Winspare,bwinsparei3@ifeng.com
Penni,Persitt,ppersitti4@altervista.org
Jaquelin,Howatt,jhowatti5@berkeley.edu
Lorena,Rustadge,lrustadgei6@ox.ac.uk
Eliza,Filyaev,efilyaevi7@tripadvisor.com
Corrie,Grisdale,cgrisdalei8@mozilla.com
Creight,Northgraves,cnorthgravesi9@chronoengine.com
Amerigo,Jeakins,ajeakinsia@jugem.jp
Jobina,Grishinov,jgrishinovib@sitemeter.com
Jefferson,Arlidge,jarlidgeic@paypal.com
Nap,Seleway,nselewayid@aol.com
Margaretta,Ornils,mornilsie@4shared.com
Meridel,Blandamere,mblandamereif@yandex.ru
Osborne,Arnaez,oarnaezig@bizjournals.com
Nevin,Radleigh,nradleighih@youtu.be
Cyndi,Geldard,cgeldardii@forbes.com
Ashley,Kenewell,akenewellij@dailymail.co.uk
Langsdon,Klais,lklaisik@is.gd
Kamila,Sprott,ksprottil@360.cn
Meridith,Brightman,mbrightmanim@seattletimes.com
Roxanna,Stenyng,rstenyngin@addtoany.com
Ivor,Hickinbottom,ihickinbottomio@privacy.gov.au
Meredith,Cleminson,mcleminsonip@auda.org.au
Petronilla,Fisher,pfisheriq@mozilla.org
Shauna,Durbin,sdurbinir@yellowbook.com
Sigvard,Riccardi,sriccardiis@time.com
Brigg,Hanselmann,bhanselmannit@scribd.com
Taylor,Doelle,tdoelleiu@alexa.com
Aloin,Clive,acliveiv@digg.com
Morse,Rotter,mrotteriw@myspace.com
Vin,Dicty,vdictyix@oaic.gov.au
Emanuel,Spalding,espaldingiy@wix.com
Lotte,Cullimore,lcullimoreiz@utexas.edu
Valli,Rymour,vrymourj0@jimdo.com
Erina,Purkins,epurkinsj1@dagondesign.com
Margi,Dyet,mdyetj2@mozilla.org
Aurthur,Gerber,agerberj3@army.mil
Nerte,Lyes,nlyesj4@mapquest.com
Dore,Stacey,dstaceyj5@weather.com
Maddy,Curphey,mcurpheyj6@businessweek.com
Franklin,Mithan,fmithanj7@reuters.com
Archambault,Grisbrook,agrisbrookj8@blogs.com
Manuel,Illston,millstonj9@furl.net
Orel,Golledge,ogolledgeja@diigo.com
Vernon,Hebbes,vhebbesjb@desdev.cn
Darin,Dilliston,ddillistonjc@whitehouse.gov
Torry,Daviddi,tdaviddijd@mapy.cz
Valentine,Ferronier,vferronierje@de.vu
Giffard,Ziems,gziemsjf@usnews.com
Garik,O'Mahoney,gomahoneyjg@discuz.net
Anatollo,Umpleby,aumplebyjh@opensource.org
Arlette,Fenck,afenckji@msn.com
Kaleena,Barrasse,kbarrassejj@hp.com
Silva,Caskie,scaskiejk@mapy.cz
Carlynn,Linturn,clinturnjl@qq.com
Mireielle,Sallnow,msallnowjm@about.com
Bryn,Lugden,blugdenjn@bbb.org
Alasdair,Biasio,abiasiojo@patch.com
Donetta,Shaughnessy,dshaughnessyjp@wunderground.com
Kerianne,Haythorn,khaythornjq@wix.com
Hendrick,Heathfield,hheathfieldjr@msu.edu
Sapphire,Cuseck,scuseckjs@bbb.org
Doll,McGregor,dmcgregorjt@123-reg.co.uk
Cliff,Roslen,croslenju@howstuffworks.com
Maynard,Hagerty,mhagertyjv@hatena.ne.jp
Ingaberg,Pavinese,ipavinesejw@arizona.edu
Broderick,Haslegrave,bhaslegravejx@ask.com
Veronique,Attiwill,vattiwilljy@jimdo.com
Ephraim,Ewles,eewlesjz@elpais.com
Ninnette,Chellam,nchellamk0@house.gov
Benedick,Inman,binmank1@bloomberg.com
Leeann,Schulken,lschulkenk2@t-online.de
Karena,Demead,kdemeadk3@reuters.com
Wilden,Harfoot,wharfootk4@alexa.com
Farica,Quene,fquenek5@cnn.com
Parker,Tillerton,ptillertonk6@etsy.com
Cthrine,Finlaison,cfinlaisonk7@gnu.org
Frank,Phonix,fphonixk8@freewebs.com
Nikaniki,Phillp,nphillpk9@blogspot.com
Sayre,Swain,sswainka@qq.com
Kial,Durgan,kdurgankb@umich.edu
Tawnya,Kinnock,tkinnockkc@eepurl.com
Mikol,Glayzer,mglayzerkd@jiathis.com
Chester,Burnhard,cburnhardke@icq.com
Hodge,Bouzek,hbouzekkf@hexun.com
Adolpho,Overstreet,aoverstreetkg@ehow.com
Addie,Cottage,acottagekh@unesco.org
Cassey,Hazlegrove,chazlegroveki@nyu.edu
Sibyl,Laugier,slaugierkj@google.it
Ricca,Canizares,rcanizareskk@disqus.com
Saundra,Cashin,scashinkl@meetup.com
Gussi,Sekulla,gsekullakm@shareasale.com
Mose,Musto,mmustokn@chron.com
Ara,Tweede,atweedeko@unc.edu
Phillipe,Hegges,pheggeskp@patch.com
Guinevere,Gommery,ggommerykq@addthis.com
Marcus,Fereday,mferedaykr@sphinn.com
Jordan,Ambrosini,jambrosiniks@statcounter.com
Drake,Pett,dpettkt@woothemes.com
Cornie,Marns,cmarnsku@un.org
Zuzana,Sampson,zsampsonkv@qq.com
Oswell,Gogay,ogogaykw@intel.com
Hadria,Barlie,hbarliekx@scientificamerican.com
Norma,Crickmoor,ncrickmoorky@artisteer.com
Annnora,Yurenev,ayurenevkz@amazon.com
Marilee,Armfirld,marmfirldl0@elegantthemes.com
Klarrisa,Keasy,kkeasyl1@sohu.com
Gertrude,Heaffey,gheaffeyl2@twitter.com
Carlin,Sholem,csholeml3@forbes.com
Kelli,Antat,kantatl4@cnet.com
Kirk,Richardot,krichardotl5@usda.gov
Domenico,Rulten,drultenl6@issuu.com
Maude,Goncaves,mgoncavesl7@army.mil
Shane,Blakeborough,sblakeboroughl8@about.me
Cary,Hanhart,chanhartl9@scientificamerican.com
Tyler,Biskupiak,tbiskupiakla@alibaba.com
Alwin,Griss,agrisslb@prweb.com
Vanna,Woodyatt,vwoodyattlc@patch.com
Garrot,Scatcher,gscatcherld@wix.com
Robina,Conneely,rconneelyle@etsy.com
Barton,Bellefant,bbellefantlf@soundcloud.com
Velma,Kensitt,vkensittlg@cnbc.com
Nicolis,Whatsize,nwhatsizelh@mapy.cz
Chauncey,Tiley,ctileyli@furl.net
Yanaton,Berka,yberkalj@google.fr
Jasmina,Lestrange,jlestrangelk@elegantthemes.com
Caesar,Laetham,claethamll@1und1.de
Rhoda,Threadgold,rthreadgoldlm@webmd.com
Coleen,Meritt,cmerittln@google.com.br
Ginnifer,Cosbey,gcosbeylo@discuz.net
Dene,Cassin,dcassinlp@intel.com
Farrel,Cranidge,fcranidgelq@webeden.co.uk
Amabelle,Tearney,atearneylr@eventbrite.com
Hall,Angerstein,hangersteinls@devhub.com
Joletta,Camilio,jcamiliolt@google.ru
Reba,Brigg,rbrigglu@google.de
Bernhard,Eliyahu,beliyahulv@edublogs.org
Margarethe,Fitzmaurice,mfitzmauricelw@mayoclinic.com
Cher,Chaloner,cchalonerlx@etsy.com
Kerrin,Kahen,kkahenly@dailymail.co.uk
Jojo,Roughsedge,jroughsedgelz@thetimes.co.uk
Catherine,Loxley,cloxleym0@bluehost.com
Everard,Gull,egullm1@nasa.gov
Cara,Marshal,cmarshalm2@icio.us
Sonnnie,Huffy,shuffym3@sakura.ne.jp
Hymie,Lukesch,hlukeschm4@goodreads.com
Ninnetta,Franchi,nfranchim5@nymag.com
Jorgan,Philbrook,jphilbrookm6@ow.ly
Shelton,Hlavac,shlavacm7@thetimes.co.uk
James,Hillitt,jhillittm8@flavors.me
Hughie,Matusson,hmatussonm9@smugmug.com
Timoteo,Capenor,tcapenorma@technorati.com
Deana,Fontel,dfontelmb@cnn.com
Luce,Langthorne,llangthornemc@sfgate.com
Liuka,Boxer,lboxermd@chron.com
Falkner,Tixier,ftixierme@dedecms.com
Easter,Yateman,eyatemanmf@mac.com
Edward,Matushenko,ematushenkomg@cocolog-nifty.com
Petronella,Tippetts,ptippettsmh@google.com
Eadmund,Wateridge,ewateridgemi@booking.com
Gilberta,Edney,gedneymj@joomla.org
Deloria,Tabb,dtabbmk@cdc.gov
Fleming,Brigge,fbriggeml@wikimedia.org
Lanae,Sterman,lstermanmm@fc2.com
Vin,Ivimy,vivimymn@mit.edu
Leigha,Daingerfield,ldaingerfieldmo@homestead.com
Stavro,Mattheus,smattheusmp@ft.com
Allyce,Gouldthorp,agouldthorpmq@admin.ch
Keary,Eggins,kegginsmr@zdnet.com
Humfrey,Grastye,hgrastyems@unicef.org
Issi,Derx,iderxmt@google.co.jp
Dyanna,O'Doran,dodoranmu@vkontakte.ru
Wood,Pittwood,wpittwoodmv@shareasale.com
Jefferey,Hammarberg,jhammarbergmw@ifeng.com
Eziechiele,Zouch,ezouchmx@squidoo.com
Scott,Poulsen,spoulsenmy@meetup.com
Rourke,Bittlestone,rbittlestonemz@ucoz.ru
Freddi,Buse,fbusen0@slashdot.org
Rolando,Tatam,rtatamn1@virginia.edu
Quent,Chipps,qchippsn2@baidu.com
Maxine,Doran,mdorann3@examiner.com
Cory,Reede,creeden4@rakuten.co.jp
Veronike,Redgrave,vredgraven5@wikipedia.org
Noelyn,Ellar,nellarn6@go.com
Gwennie,Seath,gseathn7@sphinn.com
Leah,De Angelis,ldeangelisn8@businesswire.com
Klarrisa,Rhodus,krhodusn9@so-net.ne.jp
Kathie,Daniels,kdanielsna@liveinternet.ru
Reeba,Carrier,rcarriernb@pcworld.com
Delcine,Durno,ddurnonc@live.com
Alisha,Exposito,aexpositond@twitter.com
Rollins,McLagan,rmclaganne@usgs.gov
Claire,Ellor,cellornf@g.co
Alexia,Mournian,amournianng@google.com
Orion,Bromidge,obromidgenh@mit.edu
Orton,Shortell,oshortellni@cocolog-nifty.com
Donnajean,Vasey,dvaseynj@nytimes.com
Desi,Darnell,ddarnellnk@ucoz.com
Willis,Glyn,wglynnl@foxnews.com
Any,Tripet,atripetnm@networkadvertising.org
Standford,Leeves,sleevesnn@blinklist.com
Maison,Asaaf,masaafno@dyndns.org
Selby,Loughman,sloughmannp@google.ru
Emmet,Janusik,ejanusiknq@deviantart.com
Lorne,Ghest,lghestnr@google.es
Thacher,Milward,tmilwardns@columbia.edu
Royall,Blessed,rblessednt@tumblr.com
Orson,Simmins,osimminsnu@sitemeter.com
Cynthy,Vial,cvialnv@youtube.com
Randolph,Alabaster,ralabasternw@si.edu
Brantley,Solomonides,bsolomonidesnx@about.me
Mirabelle,Boaler,mboalerny@fema.gov
Ainsley,Menere,amenerenz@telegraph.co.uk
Alain,Toler,atolero0@ycombinator.com
Wilton,Davage,wdavageo1@blog.com
Katerina,Foli,kfolio2@blogtalkradio.com
Aldrich,St Louis,astlouiso3@usnews.com
Neal,Allatt,nallatto4@wunderground.com
Netty,Sibyllina,nsibyllinao5@reverbnation.com
Tessi,Glawsop,tglawsopo6@whitehouse.gov
Ammamaria,Karpenko,akarpenkoo7@privacy.gov.au
Broderic,Straughan,bstraughano8@hao123.com
Caye,Powlett,cpowletto9@yolasite.com
Walther,Revance,wrevanceoa@jalbum.net
Weber,Yewdall,wyewdallob@admin.ch
Jo ann,de Nore,jdenoreoc@blogs.com
Lenna,Barradell,lbarradellod@cmu.edu
Lorrayne,Tomlinson,ltomlinsonoe@netlog.com
Jenelle,Hawford,jhawfordof@nydailynews.com
Flemming,Major,fmajorog@reference.com
Hobard,Sculley,hsculleyoh@squidoo.com
Charis,Dunthorne,cdunthorneoi@yellowpages.com
Westbrooke,Searight,wsearightoj@washington.edu
Sadie,Plose,sploseok@dyndns.org
Gwynne,Morteo,gmorteool@yahoo.com
Lesya,Burrus,lburrusom@gov.uk
Evin,Losebie,elosebieon@comcast.net
Waldemar,Gorden,wgordenoo@chronoengine.com
Nessy,Glowacz,nglowaczop@arstechnica.com
Juliette,Curds,jcurdsoq@redcross.org
Arnold,Ryson,arysonor@vimeo.com
Arne,McElwee,amcelweeos@com.com
Sandor,Pammenter,spammenterot@nba.com
Umberto,Ansett,uansettou@google.pl
Chic,Goscomb,cgoscombov@house.gov
Zsazsa,Backs,zbacksow@ucoz.ru
Alvinia,Dragon,adragonox@engadget.com
Antin,O'Dreain,aodreainoy@github.io
Ebeneser,Baggott,ebaggottoz@ucoz.ru
Andria,Roistone,aroistonep0@blogtalkradio.com
Tine,Osgar,tosgarp1@cornell.edu
Olivette,Elner,oelnerp2@github.com
Angelita,Phant,aphantp3@google.nl
Gray,Merryfield,gmerryfieldp4@hubpages.com
Waite,Trevaskus,wtrevaskusp5@walmart.com
Chrisy,Cornes,ccornesp6@oracle.com
Dorine,Davidovits,ddavidovitsp7@phpbb.com
Veronika,Duell,vduellp8@example.com
Cointon,Scrivinor,cscrivinorp9@yandex.ru
Wally,Le Marquand,wlemarquandpa@privacy.gov.au
Brit,Ottley,bottleypb@npr.org
Keen,Fessby,kfessbypc@webnode.com
Caesar,Jeffry,cjeffrypd@npr.org
Frederique,Charity,fcharitype@nymag.com
Breena,Lillyman,blillymanpf@abc.net.au
Ogdan,Zaczek,ozaczekpg@pen.io
Thorpe,Denniston,tdennistonph@umich.edu
Darlene,Breward,dbrewardpi@hibu.com
Bink,Geist,bgeistpj@utexas.edu
Connie,Rooper,crooperpk@xinhuanet.com
Lorette,Kimblin,lkimblinpl@java.com
Carl,Bohje,cbohjepm@symantec.com
Zonnya,Duprey,zdupreypn@cocolog-nifty.com
Beryle,Borgne,bborgnepo@aboutads.info
Loise,Leivers,lleiverspp@360.cn
Marita,Smallpiece,msmallpiecepq@delicious.com
Gino,Spinella,gspinellapr@stumbleupon.com
Rod,Worcs,rworcsps@google.co.jp
Merla,Schade,mschadept@sphinn.com
Robin,Darwin,rdarwinpu@topsy.com
Phaedra,Pasquale,ppasqualepv@discovery.com
Bella,Sedwick,bsedwickpw@pcworld.com
Lyle,Lenoir,llenoirpx@nyu.edu
Marylin,Menguy,mmenguypy@home.pl
Dido,Layfield,dlayfieldpz@reference.com
Fritz,Nobriga,fnobrigaq0@bbb.org
Pegeen,Sharper,psharperq1@gravatar.com
Randa,Baston,rbastonq2@nps.gov
Bambie,Heap,bheapq3@indiegogo.com
Franklyn,Culpen,fculpenq4@wunderground.com
Vanna,Stigers,vstigersq5@nbcnews.com
Simonette,Glading,sgladingq6@plala.or.jp
Hewe,Baulk,hbaulkq7@cdc.gov
Marya,Pattle,mpattleq8@tamu.edu
Granthem,Cawthorne,gcawthorneq9@census.gov
Gloria,Neath,gneathqa@accuweather.com
Brit,Mulvin,bmulvinqb@foxnews.com
Drew,Loyns,dloynsqc@mlb.com
Hamilton,Giles,hgilesqd@ca.gov
Chico,Brassington,cbrassingtonqe@rediff.com
Aggie,Fautly,afautlyqf@networkadvertising.org
Dita,Henaughan,dhenaughanqg@loc.gov
Allayne,Moreno,amorenoqh@furl.net
Valry,Willarton,vwillartonqi@com.com
Neille,Urwin,nurwinqj@admin.ch
Britni,Mundy,bmundyqk@cargocollective.com
Melisande,McIlvenny,mmcilvennyql@newyorker.com
Norman,Lamblot,nlamblotqm@eepurl.com
Hubey,Jenkison,hjenkisonqn@acquirethisname.com
Garrot,Tuttiett,gtuttiettqo@japanpost.jp
Aline,Forsythe,aforsytheqp@dot.gov
Bondon,Rickeard,brickeardqq@liveinternet.ru
Emmi,Simmonett,esimmonettqr@icq.com
Dorey,Gonnet,dgonnetqs@tripadvisor.com
Marcos,Wooff,mwooffqt@ovh.net
Teodorico,Povlsen,tpovlsenqu@ebay.com
Datha,Medling,dmedlingqv@istockphoto.com
Kristian,Legerwood,klegerwoodqw@delicious.com
Veronike,Kevern,vkevernqx@comcast.net
Barry,Sammes,bsammesqy@sfgate.com
Gael,Ebunoluwa,gebunoluwaqz@wunderground.com
Dorotea,Adnam,dadnamr0@businessweek.com
Dwain,Gilbank,dgilbankr1@altervista.org
Amery,MacKerley,amackerleyr2@hubpages.com
Chase,Broggio,cbroggior3@diigo.com
Lynn,Nardi,lnardir4@reuters.com
Stacee,Peealess,speealessr5@sciencedaily.com
Roma,Harower,rharowerr6@squarespace.com
Marco,Gaule,mgauler7@weather.com
Lon,Kervin,lkervinr8@rediff.com
Manny,Roff,mroffr9@slashdot.org
Arlee,Woodwing,awoodwingra@github.com
Lacee,Grazier,lgrazierrb@paginegialle.it
Kenn,Bergstrand,kbergstrandrc@xrea.com
Morry,Swinfon,mswinfonrd@1688.com
Sutherlan,Pinsent,spinsentre@dedecms.com
Gisela,Gritsaev,ggritsaevrf@hostgator.com
Baryram,Castles,bcastlesrg@utexas.edu
Kinny,Vanyutin,kvanyutinrh@comcast.net
Gillie,Halpen,ghalpenri@techcrunch.com
Kim,Alexandersen,kalexandersenrj@freewebs.com
Jakob,Tunaclift,jtunacliftrk@gizmodo.com
Adeline,Meugens,ameugensrl@mit.edu
Fletcher,Lawty,flawtyrm@last.fm
Silvia,Boas,sboasrn@sciencedirect.com
Maggi,Avrahamy,mavrahamyro@yellowpages.com
Clarette,Arbor,carborrp@surveymonkey.com
Blondell,Orrell,borrellrq@redcross.org
Lynnette,Codd,lcoddrr@theatlantic.com
